INSERT INTO `tbl_menu_level1` (`level1_id`, `menu_name`, `order_no`, `link`, `user_type`, `icon`) VALUES (1, 'Dashboard', 1, '/home', '#teachingheadofdepartment#office#principal#librarian#nonteachingadmin', 'fa fa-tachometer nav_icon');
INSERT INTO `tbl_menu_level1` (`level1_id`, `menu_name`, `order_no`, `link`, `user_type`, `icon`) VALUES (2, 'Students', 3, '#', '#admin#principal#teachingstaff#teachingheadofdepartment#nonteachingadmin', 'fa fa-user nav_icon');
INSERT INTO `tbl_menu_level1` (`level1_id`, `menu_name`, `order_no`, `link`, `user_type`, `icon`) VALUES (3, 'Role Management', 12, '/user', '#nonteachingadmin', 'fa fa-cogs nav_icon');
INSERT INTO `tbl_menu_level1` (`level1_id`, `menu_name`, `order_no`, `link`, `user_type`, `icon`) VALUES (4, 'Research', 11, '#', '#admin#teachingstaff#student#librarian', 'fa fa-search nav_icon');
INSERT INTO `tbl_menu_level1` (`level1_id`, `menu_name`, `order_no`, `link`, `user_type`, `icon`) VALUES (5, 'Human Resources', 4, '#', '#principal#teachingheadofdepartment#nonteachingadmin', 'fa fa-users nav_icon');
INSERT INTO `tbl_menu_level1` (`level1_id`, `menu_name`, `order_no`, `link`, `user_type`, `icon`) VALUES (6, 'Facilities', 5, '/facilities', '#nonteachingadmin', 'fa fa-building-o nav_icon');
INSERT INTO `tbl_menu_level1` (`level1_id`, `menu_name`, `order_no`, `link`, `user_type`, `icon`) VALUES (7, 'Approvals', 6, '/staff/approvals', '#principal#teachingheadofdepartment#nonteachingadmin', 'fa fa-key nav_icon');
INSERT INTO `tbl_menu_level1` (`level1_id`, `menu_name`, `order_no`, `link`, `user_type`, `icon`) VALUES (8, 'Events And Time Table', 8, '/events', '#principal#teachingheadofdepartment#nonteachingadmin', 'fa fa-table nav_icon');
INSERT INTO `tbl_menu_level1` (`level1_id`, `menu_name`, `order_no`, `link`, `user_type`, `icon`) VALUES (9, 'Communication', 9, '/communication', '#principal#teachingheadofdepartment#nonteachingadmin#teachingstaff', 'fa fa-comments nav_icon');
INSERT INTO `tbl_menu_level1` (`level1_id`, `menu_name`, `order_no`, `link`, `user_type`, `icon`) VALUES (10, 'Academics', 4, '/academic/academicdashboard', '#principal', 'fa fa-shield nav_icon');
INSERT INTO `tbl_menu_level1` (`level1_id`, `menu_name`, `order_no`, `link`, `user_type`, `icon`) VALUES (11, 'Set up', 2, '#', '#nonteachingadmin', 'fa fa-asterisk nav_icon');
INSERT INTO `tbl_menu_level1` (`level1_id`, `menu_name`, `order_no`, `link`, `user_type`, `icon`) VALUES (12, 'Apply For Admission', 2, '/admissions/candidate/applyforadmission', '#admission', 'fa fa-pencil nav_icon');
INSERT INTO `tbl_menu_level1` (`level1_id`, `menu_name`, `order_no`, `link`, `user_type`, `icon`) VALUES (13, 'Facilities', 4, '/admissions/candidate/admissionfacilities', '#admission', 'fa fa-building-o nav_icon');
INSERT INTO `tbl_menu_level1` (`level1_id`, `menu_name`, `order_no`, `link`, `user_type`, `icon`) VALUES (14, 'Courses', 3, '/admissions/candidate/admissioncourses', '#admission', 'fa fa-book nav_icon');
INSERT INTO `tbl_menu_level1` (`level1_id`, `menu_name`, `order_no`, `link`, `user_type`, `icon`) VALUES (15, 'Lessons', 5, '/staff/lessons', '#teachingstaff', 'fa fa-book nav_icon');
INSERT INTO `tbl_menu_level1` (`level1_id`, `menu_name`, `order_no`, `link`, `user_type`, `icon`) VALUES (16, 'University Profile', 1, '/home', '#admission', 'fa fa-shield nav_icon');
INSERT INTO `tbl_menu_level1` (`level1_id`, `menu_name`, `order_no`, `link`, `user_type`, `icon`) VALUES (17, 'Status & Communication', 6, '/admissions/candidate/statusandcommunication', '#admission', 'fa fa-comments-o nav_icon');
INSERT INTO `tbl_menu_level1` (`level1_id`, `menu_name`, `order_no`, `link`, `user_type`, `icon`) VALUES (18, 'Admissions', 11, '#', '#nonteachingadmin#principal', 'fa fa-cog nav_icon');
INSERT INTO `tbl_menu_level1` (`level1_id`, `menu_name`, `order_no`, `link`, `user_type`, `icon`) VALUES (19, 'My Profile', 1, '/home', '#student#teachingstaff#parent', 'fa fa-user nav_icon');
INSERT INTO `tbl_menu_level1` (`level1_id`, `menu_name`, `order_no`, `link`, `user_type`, `icon`) VALUES (20, 'Events And Time Table', 5, '/student/eventsandtimetable', '#student#parent', 'fa fa-table nav_icon');
INSERT INTO `tbl_menu_level1` (`level1_id`, `menu_name`, `order_no`, `link`, `user_type`, `icon`) VALUES (21, 'Assignments', 4, '#', '', 'fa fa-book nav_icon');
INSERT INTO `tbl_menu_level1` (`level1_id`, `menu_name`, `order_no`, `link`, `user_type`, `icon`) VALUES (22, 'My Performance', 2, '/student/myperformance', '#student#parent', 'fa fa-info nav_icon');
INSERT INTO `tbl_menu_level1` (`level1_id`, `menu_name`, `order_no`, `link`, `user_type`, `icon`) VALUES (23, 'Collection', 13, '#', '#nonteachingadmin', 'fa fa-info nav_icon');
INSERT INTO `tbl_menu_level1` (`level1_id`, `menu_name`, `order_no`, `link`, `user_type`, `icon`) VALUES (24, 'Document Management', 14, '#', '#nta', 'fa fa-book nav_icon');
INSERT INTO `tbl_menu_level1` (`level1_id`, `menu_name`, `order_no`, `link`, `user_type`, `icon`) VALUES (25, 'Communication', 8, '/student/studentcommunication', '#student#parent', 'fa fa-comments nav_icon');
INSERT INTO `tbl_menu_level1` (`level1_id`, `menu_name`, `order_no`, `link`, `user_type`, `icon`) VALUES (26, 'My Performance', 2, '/staff/myperformance', '#teachingstaff', 'fa fa-info nav_icon');
INSERT INTO `tbl_menu_level1` (`level1_id`, `menu_name`, `order_no`, `link`, `user_type`, `icon`) VALUES (27, 'Requisition', 7, '/staff/requisition', '#teachingheadofdepartment#nonteachingadmin#teachingstaff', 'fa fa-location-arrow nav_icon');
INSERT INTO `tbl_menu_level1` (`level1_id`, `menu_name`, `order_no`, `link`, `user_type`, `icon`) VALUES (28, 'Labs', 6, '/staff/labs', '#teachingstaff', 'fa fa-flask nav_icon');
INSERT INTO `tbl_menu_level2` (`level2_id`, `level1_id`, `menu_name`, `order_no`, `link`, `user_type`) VALUES (1, 2, 'Manage Student', 1, '/student', '#nonteachingadmin');
INSERT INTO `tbl_menu_level2` (`level2_id`, `level1_id`, `menu_name`, `order_no`, `link`, `user_type`) VALUES (2, 2, 'Invoices', 3, '/student/invoices', '#nonteachingadmin');
INSERT INTO `tbl_menu_level2` (`level2_id`, `level1_id`, `menu_name`, `order_no`, `link`, `user_type`) VALUES (3, 2, 'Update Results', 4, '/student/updateResult', '#');
INSERT INTO `tbl_menu_level2` (`level2_id`, `level1_id`, `menu_name`, `order_no`, `link`, `user_type`) VALUES (4, 2, 'Student Profile', 2, '/student/studentProfile', '#admin#principal#nonteachingadmin#teachingheadofdepartment');
INSERT INTO `tbl_menu_level2` (`level2_id`, `level1_id`, `menu_name`, `order_no`, `link`, `user_type`) VALUES (5, 2, 'Student Attendance', 3, '/student/studentattendance', '#teachingheadofdepartment');
INSERT INTO `tbl_menu_level2` (`level2_id`, `level1_id`, `menu_name`, `order_no`, `link`, `user_type`) VALUES (6, 2, 'Assignments', 2, '/staff/assignments', '#teachingstaff');
INSERT INTO `tbl_menu_level2` (`level2_id`, `level1_id`, `menu_name`, `order_no`, `link`, `user_type`) VALUES (7, 2, 'Student Appraisal', 3, '/student/studentappraisal', '#teachingstaff#teachingheadofdepartment#principal\n');
INSERT INTO `tbl_menu_level2` (`level2_id`, `level1_id`, `menu_name`, `order_no`, `link`, `user_type`) VALUES (8, 3, 'Manage Users', 1, '/institutionusermanagement', '#headadmin');
INSERT INTO `tbl_menu_level2` (`level2_id`, `level1_id`, `menu_name`, `order_no`, `link`, `user_type`) VALUES (9, 3, 'My Profile', 2, '/home', '#headadmin');
INSERT INTO `tbl_menu_level2` (`level2_id`, `level1_id`, `menu_name`, `order_no`, `link`, `user_type`) VALUES (10,4, 'Projects', 1, '#', '');
INSERT INTO `tbl_menu_level2` (`level2_id`, `level1_id`, `menu_name`, `order_no`, `link`, `user_type`) VALUES (11,4, 'Data', 2, '#', '');
INSERT INTO `tbl_menu_level2` (`level2_id`, `level1_id`, `menu_name`, `order_no`, `link`, `user_type`) VALUES (12,4, 'Update Project', 3, '#', '#admin#librarian');
INSERT INTO `tbl_menu_level2` (`level2_id`, `level1_id`, `menu_name`, `order_no`, `link`, `user_type`) VALUES (13,5, 'Staff Category', 4, '/staff/category', '#admin#nonteachingadmin');
INSERT INTO `tbl_menu_level2` (`level2_id`, `level1_id`, `menu_name`, `order_no`, `link`, `user_type`) VALUES (14,5, 'Staff Profiles', 5, '/staff/staffprofile', '#admin#nonteachingadmin#principal#teachingheadofdepartment');
INSERT INTO `tbl_menu_level2` (`level2_id`, `level1_id`, `menu_name`, `order_no`, `link`, `user_type`) VALUES (15,5, 'Staff Appraisal', 5, '/staff/staffappraisal', '#principal#teachingheadofdepartment');
INSERT INTO `tbl_menu_level2` (`level2_id`, `level1_id`, `menu_name`, `order_no`, `link`, `user_type`) VALUES (16,5, 'Staff Attendance', 3, '/staff/attendance', '#admin#nonteachingadmin#principal#teachingheadofdepartment');
INSERT INTO `tbl_menu_level2` (`level2_id`, `level1_id`, `menu_name`, `order_no`, `link`, `user_type`) VALUES (17,5, 'Manage Staff', 1, '/staff/manage', '#admin#nonteachingadmin');
INSERT INTO `tbl_menu_level2` (`level2_id`, `level1_id`, `menu_name`, `order_no`, `link`, `user_type`) VALUES (18,5, 'Allocate Module', 2, '/staff/allocatemodules', '#teachingheadofdepartment');
INSERT INTO `tbl_menu_level2` (`level2_id`, `level1_id`, `menu_name`, `order_no`, `link`, `user_type`) VALUES (19, 11, 'Academic Timetable', 9, '/timetable', '#nonteachingadmin');
INSERT INTO `tbl_menu_level2` (`level2_id`, `level1_id`, `menu_name`, `order_no`, `link`, `user_type`) VALUES (20, 11, 'Manage Group', 5, '/group', '#admin#office#nonteachingadmin');
INSERT INTO `tbl_menu_level2` (`level2_id`, `level1_id`, `menu_name`, `order_no`, `link`, `user_type`) VALUES (21, 11, 'Manage Department', 2, '/department', '#admin#office#nonteachingadmin');
INSERT INTO `tbl_menu_level2` (`level2_id`, `level1_id`, `menu_name`, `order_no`, `link`, `user_type`) VALUES (22, 11, 'Academic Year', 8, '/academic/academicyear', '#admin#nonteachingadmin');
INSERT INTO `tbl_menu_level2` (`level2_id`, `level1_id`, `menu_name`, `order_no`, `link`, `user_type`) VALUES (23, 11, 'Manage Module', 3, '/course/module', '#admin#office#nonteachingadmin');
INSERT INTO `tbl_menu_level2` (`level2_id`, `level1_id`, `menu_name`, `order_no`, `link`, `user_type`) VALUES (24, 11, 'Manage Course', 4, '/course', '#admin#office#nonteachingadmin');
INSERT INTO `tbl_menu_level2` (`level2_id`, `level1_id`, `menu_name`, `order_no`, `link`, `user_type`) VALUES (25, 11, 'Manage Institute', 1, '/institution', '#nonteachingadmin');
INSERT INTO `tbl_menu_level2` (`level2_id`, `level1_id`, `menu_name`, `order_no`, `link`, `user_type`) VALUES (26, 11, 'Create Fees Item', 6, '/feestemplate/item', '#admin#office#nonteachingadmin');
INSERT INTO `tbl_menu_level2` (`level2_id`, `level1_id`, `menu_name`, `order_no`, `link`, `user_type`) VALUES (27, 11, 'Create Fees Structure', 7, '/feestemplate', '#admin#office#nonteachingadmin');
INSERT INTO `tbl_menu_level2` (`level2_id`, `level1_id`, `menu_name`, `order_no`, `link`, `user_type`) VALUES (28, 18, 'Notifications', 3, '/admissions/notification', '#');
INSERT INTO `tbl_menu_level2` (`level2_id`, `level1_id`, `menu_name`, `order_no`, `link`, `user_type`) VALUES (29, 18, 'Admissions Configuration', 2, '/admissions/admissionconfig', '#nonteachingadmin');
INSERT INTO `tbl_menu_level2` (`level2_id`, `level1_id`, `menu_name`, `order_no`, `link`, `user_type`) VALUES (30, 18, 'Admissions Status', 4, '/admissions/admissionStatus', '');
INSERT INTO `tbl_menu_level2` (`level2_id`, `level1_id`, `menu_name`, `order_no`, `link`, `user_type`) VALUES (31, 18, 'Generate List', 5, '/admissions/generateList', '');
INSERT INTO `tbl_menu_level2` (`level2_id`, `level1_id`, `menu_name`, `order_no`, `link`, `user_type`) VALUES (32, 18, 'Finalisation', 6, '/admissions/finalization', '#nonteachingadmin');
INSERT INTO `tbl_menu_level2` (`level2_id`, `level1_id`, `menu_name`, `order_no`, `link`, `user_type`) VALUES (33, 18, 'Admissions Dashboard', 1, '/admissions/admissiondashboard', '#nonteachingadmin#principal');
INSERT INTO `tbl_menu_level2` (`level2_id`, `level1_id`, `menu_name`, `order_no`, `link`, `user_type`) VALUES (34, 18, 'New Student Registration', 7, '/admissions/newadmission', '#admin#office#nonteachingadmin');
INSERT INTO `tbl_menu_level2` (`level2_id`, `level1_id`, `menu_name`, `order_no`, `link`, `user_type`) VALUES (35, 23, 'Data Entry', 1, '/collection/dataentry', '#nonteachingadmin');
INSERT INTO `tbl_menu_level2` (`level2_id`, `level1_id`, `menu_name`, `order_no`, `link`, `user_type`) VALUES (36, 23, 'Recon', 2, '/collection/reconcilation', '#nonteachingadmin');
INSERT INTO `tbl_menu_level2` (`level2_id`, `level1_id`, `menu_name`, `order_no`, `link`, `user_type`) VALUES (37, 24, 'Index Entry', 1, '/documentmanagement/indexentry', '#nta');
INSERT INTO `tbl_menu_level2` (`level2_id`, `level1_id`, `menu_name`, `order_no`, `link`, `user_type`) VALUES (38, 24, 'Digitization', 2, '/documentmanagement/digitalization', '#nta');
INSERT INTO `tbl_menu_level2` (`level2_id`, `level1_id`, `menu_name`, `order_no`, `link`, `user_type`) VALUES (39, 24, 'Index Search', 3, '/documentmanagement/searchentry', '#nta');
INSERT INTO `tbl_master_user_type` (`type_id`, `user_type_name`, `user_theme`, `user_type_status`) VALUES (1, 'teachingheadofdepartment', 'themes/staff', 1);
INSERT INTO `tbl_master_user_type` (`type_id`, `user_type_name`, `user_theme`, `user_type_status`) VALUES (2, 'nonteachingadmin', 'themes/administrator', 1);
INSERT INTO `tbl_master_user_type` (`type_id`, `user_type_name`, `user_theme`, `user_type_status`) VALUES (4, 'principal', 'themes/staff', 1);
INSERT INTO `tbl_master_user_type` (`type_id`, `user_type_name`, `user_theme`, `user_type_status`) VALUES (5, 'librarian', 'themes/staff', 1);
INSERT INTO `tbl_master_user_type` (`type_id`, `user_type_name`, `user_theme`, `user_type_status`) VALUES (6, 'student', 'themes/student', 1);
INSERT INTO `tbl_master_user_type` (`type_id`, `user_type_name`, `user_theme`, `user_type_status`) VALUES (7, 'teachingstaff', 'themes/staff', 1);
INSERT INTO `tbl_master_user_type` (`type_id`, `user_type_name`, `user_theme`, `user_type_status`) VALUES (9, 'parent', 'themes/parent', 1);
INSERT INTO `tbl_master_user_type` (`type_id`, `user_type_name`, `user_theme`, `user_type_status`) VALUES (10, 'labstaff', 'themes/staff', 1);
INSERT INTO `tbl_master_user_type` (`type_id`, `user_type_name`, `user_theme`, `user_type_status`) VALUES (11, 'university', 'themes/admin', 1);
INSERT INTO `tbl_master_user_type` (`type_id`, `user_type_name`, `user_theme`, `user_type_status`) VALUES (12, 'feescollectionclerk', 'themes/staff', 1);
INSERT INTO `tbl_master_user_type` (`type_id`, `user_type_name`, `user_theme`, `user_type_status`) VALUES (13, 'nonteachingstaff', 'themes/staff', 1);
INSERT INTO `tbl_master_user_type` (`type_id`, `user_type_name`, `user_theme`, `user_type_status`) VALUES (15, 'transportstaff', 'themes/staff', 1);
INSERT INTO `tbl_master_user_type` (`type_id`, `user_type_name`, `user_theme`, `user_type_status`) VALUES (16, 'hostelstaff', 'themes/staff', 1);
INSERT INTO `tbl_master_user_type` (`type_id`, `user_type_name`, `user_theme`, `user_type_status`) VALUES (17, 'libraryadmin', 'themes/staff', 1);
INSERT INTO `tbl_master_user_type` (`type_id`, `user_type_name`, `user_theme`, `user_type_status`) VALUES (18, 'nonteachingheadofdepartment', 'themes/staff', 1);
INSERT INTO `tbl_master_user_type` (`type_id`, `user_type_name`, `user_theme`, `user_type_status`) VALUES (19, 'admission', 'themes/staff', 1);
INSERT INTO `tbl_master_user_type` (`type_id`, `user_type_name`, `user_theme`, `user_type_status`) VALUES (20, 's', 'themes/generic', 1);
INSERT INTO `tbl_master_user_type` (`type_id`, `user_type_name`, `user_theme`, `user_type_status`) VALUES (21, 's', 'themes/generic', 1);






